Section Number;Section Title;Object Name;Fields (Grouped);JSON;Schema Description;Snak Type;Cue Type;How To Use
1;Snak Layout;snak;id, name, format, version, aspectRatio, previewUrl, playButtonUrl, autoPlay, controlbar, sessionTimeout, urls, themes, timelines;"""snak"": {
    "id": { "type": "uuid", "required": true, "nullable": false },
    "name": { "type": "string", "required": true, "nullable": false },
    "format": { "type": "snakFormat", "required": true, "nullable": false },
    "version": { "type": "snakVersion", "required": true, "nullable": false },
    "aspectRatio": { "type": "aspectRatio", "required": true, "nullable": false },
    "previewUrl": { "type": "url", "required": true, "nullable": true },
    "playButtonUrl": { "type": "url", "required": true, "nullable": true },
    "autoPlay": { "type": "boolean", "required": true, "nullable": false },
    "controlbar": { "type": "controlbar", "required": true, "nullable": false },
    "sessionTimeout": { "type": "integer", "required": true, "nullable": false },
    "urls": { "type": "snakUrls", "required": true, "nullable": false },
    "themes": {
        "type": "array",
        "items": { "type": "theme" },
        "required": true,
        "nullable": false
    },
    "timelines": {
        "type": "array",
        "items": { "type": "timeline" },
        "required": true,
        "nullable": false
    }
}";"snak                        An object containing all details describing the Snak.
snak.id                     The ID of the Snak.
snak.name                   The name of the Snak.
snak.format                 A 'snakFormat' object describing the Snak format.
snak.version                A 'snakVersion' object describing the Snak version.
snak.aspectRatio            The aspect ratio of the Snak. Must be provided as a string in the format '6:9'.
snak.previewUrl             A URL to the preview image for the Snak.  If it is null the default preview will be used.
snak.playButtonUrl          A URL to the image to use for the play button.  If it is null the default preview will be used.
snak.autoPlay               If false the Snak will show a play button and wait for the user to click play.  If true the Snak will start playing
                            automatically once it is loaded.
snak.controlbar             A 'controlbar' object containing configuration of the player's control bar.
snak.sessionTimeout         An integer value specifying the amount of milliseconds the Snak will wait after the last user interaction before
                            showing the replay button.  If 0 is set then no timeout will occur.
snak.urls                   A 'snakUrls' object containing details of the URLs the Snak will use to load content.
snak.themes                 An array storing themes used by the Snak.
snak.timelines              An array of 'timeline' objects containing all the timelines for the Snak.";Teaser;Pool;
2;snakFormat Object Layout;snakFormat;version;"""snakFormat"": {
    "version": { "type": "integer", "required": true, "nullable": false }
}";"snakFormat                  An object containing details about the current Snak format.
snakFormat.version          The numerical value of the version the Snak is stored in.";Teaser;;
3;snakVersion Object Layout;snakVersion;id, number;"""snakVersion"": {
    "id": { "type": "uuid", "required": true, "nullable": false },
    "number": { "type": "integer", "required": true, "nullable": false }
}";"snakVersion                 An object containing all the details of the Snak version loaded.
snakVersion.id              The ID of the version.
snakVersion.number          The number of the version.  This is an integer value assigned to the version starting at 1 for the first version.";Teaser;;
4;controlbar Object Layout;controlbar;show, play, skip, previous, home, next, mute, fullscreen;"""controlbar"": {
    "show": { "type": "boolean", "required": true, "nullable": false },
    "play": { "type": "object", "format": { "show": { "type": "boolean", "required": true, "nullable": false } }, "required": true, "nullable": false },
    "skip": { "type": "object", "format": { "show": { "type": "boolean", "required": true, "nullable": false } }, "required": true, "nullable": false },
    "previous": { "type": "object", "format": { "show": { "type": "boolean", "required": true, "nullable": false } }, "required": true, "nullable": false },
    "home": { "type": "object", "format": { "show": { "type": "boolean", "required": true, "nullable": false }, "timelineItemId": { "type": "integer", "min": 0, "required": true, "nullable": true } }, "required": true, "nullable": false },
    "next": { "type": "object", "format": { "show": { "type": "boolean", "required": true, "nullable": false } }, "required": true, "nullable": false },
    "mute": { "type": "object", "format": { "show": { "type": "boolean", "required": true, "nullable": false } }, "required": true, "nullable": false },
    "fullscreen": { "type": "object", "format": { "show": { "type": "boolean", "required": true, "nullable": false } }, "required": true, "nullable": false }
}";"controlbar                      An object containing configuration of the player control bar.
controlbar.show                 True to show the controlbar and false to hide it.
controlbar.play                 An object containing configuration for the play button on the control bar.
controlbar.play.show            True to show the play button and false to hide the play button.
controlbar.skip                 An object containing configuration for the skip button on the control bar.
controlbar.skip.show            True to show the skip button and false to hide the skip button.
controlbar.previous             An object containing configuration for the previous button on the control bar.
controlbar.previous.show        True to show the previous button and false to hide the previous button.
controlbar.home                 An object containing configuration for the home button on the control bar.
controlbar.home.show            True to show the home button and false to hide the home button.
controlbar.home.timelineItemId  The ID of the timeline item the Snak will jump to when the home button is clicked.
controlbar.next                 An object containing configuration for the next button on the control bar.
controlbar.next.show            True to show the next button and false to hide the next button.
controlbar.mute                 An object containing configuration for the mute button on the control bar.
controlbar.mute.show            True to show the mute button and false to hide the mute button.
controlbar.fullscreen           An object containing configuration for the fullscreen button on the control bar.
controlbar.fullscreen.show      True to show the fullscreen button and false to hide the fullscreen button.";Teaser;;
5;snakUrls Object Format;snakUrls;staticContent, font, api;"""snakUrls"": {
    "staticContent": { "type": "url", "required": true, "nullable": true },
    "font": { "type": "url", "required": true, "nullable": true },
    "api": { "type": "url", "required": true, "nullable": true }
}";"snakUrls                        An object containing URL details for the Snak.
snakUrls.staticContent          The URL used to load static content for the Snak.
snakUrls.font                   The URL used to load fonts for the Snak.
snakUrls.api                    The URL to use when making API calls for example submitting results.";Teaser;;
6;startBehaviour Format;startBehaviour;pause, timer, continue, jump;;"The start behaviour determines what the player does when the start of a timeline item is reached.  This is a string value with one of
the below values:

- pause
- timer
- continue
- jump";Teaser;;
7;endBehaviour Format;endBehaviour;pause, continue, loop;;"The end behaviour determines what the player does when the end of a timeline item is reached.  This is a string value with one of the
below values:

- pause
- continue
- loop";Teaser;;
8;timeoutMessage Object Format;timeoutMessage;show, text;"""timeoutMessage"": {
    "show": { "type": "boolean", "required": true, "nullable": false },
    "text": { "type": "string", "required": true, "nullable": false }
}";"show                    True to enable showing of the timeout message and false to disable it.
text                    The text to show on the timeout message.";Teaser;;
9;imageMedia Object Format;imageMedia;id, type, url;"""imageMedia"": {
    "id": { "type": "uuid", "required": true, "nullable": true },
    "type": { "type": "mediaType", "required": true, "nullable": true },
    "url": { "type": "url", "required": true, "nullable": false }
}";"id                      The ID of the image media.
type                    The media type.  For imageMedia objects it is always 'image_media'.
url                     The URL giving the location of the media.";Teaser;;
10;videoMedia Object Format;videoMedia;id, type, width, height, url, previewUrl, previewFrameCount, previewFrameUrl;"""videoMedia"": {
    "id": { "type": "uuid", "required": true, "nullable": false },
    "type": { "type": "mediaType", "required": true, "nullable": false },
    "width": { "type": "integer", "required": true, "nullable": false },
    "height": { "type": "integer", "required": true, "nullable": false },
    "url": { "type": "url", "required": true, "nullable": false },
    "previewUrl": { "type": "url", "required": true, "nullable": false },
    "previewFrameCount": { "type": "integer", "required": true, "nullable": false },
    "previewFrameUrl": { "type": "url", "required": true, "nullable": false }
}";"id                      The ID of the video media.
type                    The media type.  For videoMedia it is always 'video_media'.
width                   The pixel width of the video media.
height                  The pixel height of the video media.
url                     The URL giving the location of the video media.
previewUrl              A URL giving the location of the preview image for the media.
previewFrameCount       The amount of frame preview images available for the media.
previewFrameUrl         A URL giving the location of the preview frame images for the media.";Teaser;; 
11;soundMedia Object Format;soundMedia;id, type, url, waveformUrl;"""soundMedia"": {
    "id": { "type": "uuid", "required": true, "nullable": false },
    "type": { "type": "mediaType", "required": true, "nullable": false },
    "url": { "type": "url", "required": true, "nullable": false },
    "waveformUrl": { "type": "url", "required": true, "nullable": false }
}";"soundMedia                  An object containing details about a sound media resource.
soundMedia.id               The ID of the sound media.
soundMedia.type             The media type. For soundMedia it is always 'sound_media'.
soundMedia.url              The URL giving the location of the sound media.
soundMedia.waveformUrl      The URL giving the location of the waveform image for the sound media.";Teaser;;
12;background Object Format;background;color, image, video, x, y, width, height, repeat;"""background"": {
    "color": { "type": "color", "required": true, "nullable": true },
    "image": { "type": "imageMedia", "required": true, "nullable": true },
    "video": { "type": "videoMedia", "required": false, "nullable": true },
    "x": { "type": "position", "required": true, "nullable": true },
    "y": { "type": "position", "required": true, "nullable": true },
    "width": { "type": "size", "required": true, "nullable": true },
    "height": { "type": "size", "required": true, "nullable": true },
    "repeat": { "type": "boolean", "required": true, "nullable": true }
}";"background                  An object containing configuration for a background.
background.color             The background color (8-digit hex).
background.image             An imageMedia object for the background image.
background.video             (Deprecated) A videoMedia object for the background video.
background.x                 The X position (percent/unit/auto).
background.y                 The Y position (percent/unit/auto).
background.width             The width.
background.height            The height.
background.repeat            True to repeat the background image.";Teaser;;
13;border Object Format;border;color, style, width, radius;"""border"": {
    "color": { "type": "color", "required": true, "nullable": true },
    "style": { "type": "string", "required": true, "nullable": true },
    "width": { "type": "number", "required": true, "nullable": true },
    "radius": { "type": "number", "required": true, "nullable": true }
}";"border                      An object containing configuration for a border.
border.color                 The border color (8-digit hex).
border.style                 The border style (none, hidden, dotted, dashed, solid, double, groove, ridge, inset, outset).
border.width                 The border width in pixels.
border.radius                The border radius.";Teaser;;
14;font Object Format;font;color, family, size, weight, style, textDecoration;"""font"": {
    "color": { "type": "color", "required": true, "nullable": true },
    "family": { "type": "string", "required": true, "nullable": true },
    "size": { "type": "number", "required": true, "nullable": true },
    "weight": { "type": "fontWeight", "required": true, "nullable": true },
    "style": { "type": "fontStyle", "required": true, "nullable": true },
    "textDecoration": { "type": "string", "required": true, "nullable": true }
}";"font                        An object containing configuration for font styling.
font.color                   The font color (8-digit hex).
font.family                  The font family.
font.size                    The font size.
font.weight                  The font weight ('bold' or integer).
font.style                   The font style (normal, italic).
font.textDecoration          The text decoration (overline, line, underline, underline overline, none).";Teaser;;
15;action Object Format;action;name, marker, url, openInNewTab, modalLayer;"""action"": {
    "name": { "type": "string", "required": true, "nullable": false },
    "marker": { "type": "object", "required": true, "nullable": true },
    "url": { "type": "string", "required": true, "nullable": true },
    "openInNewTab": { "type": "boolean", "required": true, "nullable": false },
    "modalLayer": { "type": "integer", "required": true, "nullable": true }
}";"action                      An object containing configuration for an action.
action.name                  The action name (none, jump, auto, url, continue, back_to_menu, show_modal, booking).
action.marker                Marker details for jump actions.
action.url                   The URL for 'url' actions.
action.openInNewTab          True to open the URL in a new tab.
action.modalLayer            The layer index for modal actions.";Teaser;;
16;animation Object Format;animation;start, loop;"""animation"": {
    "start": { "type": "object", "required": true, "nullable": false },
    "loop": { "type": "object", "required": true, "nullable": false }
}";"animation                   An object containing animation configuration.
animation.start              Start animation details (see markdown for fields).
animation.loop               Loop animation details (see markdown for fields).";Teaser;;
17;graphNodeElement Object Format;graphNodeElement;id, type, position, content, font, border, background, action, animation;"""graphNodeElement"": {
    "id": { "type": "uuid", "required": true, "nullable": false },
    "type": { "type": "string", "required": true, "nullable": false },
    "position": { "type": "object", "required": true, "nullable": false },
    "content": { "type": "string", "required": true, "nullable": false },
    "font": { "type": "font", "required": true, "nullable": false },
    "border": { "type": "border", "required": true, "nullable": false },
    "background": { "type": "background", "required": true, "nullable": false },
    "action": { "type": "action", "required": true, "nullable": false },
    "animation": { "type": "animation", "required": true, "nullable": false }
}";"graphNodeElement             An object representing a graph node element.
graphNodeElement.id          The ID of the graph node element.
graphNodeElement.type        The type of the element ('graph_node').
graphNodeElement.position    Position and size object.
graphNodeElement.content     The text content.
graphNodeElement.font        Font configuration.
graphNodeElement.border      Border configuration.
graphNodeElement.background  Background configuration.
graphNodeElement.action      Action configuration.
graphNodeElement.animation   Animation configuration.";Teaser;;
18;ratingItem Object Format;ratingItem;id, type, position, content, font, border, background, action, animation;"""ratingItem"": {
    "id": { "type": "uuid", "required": true, "nullable": false },
    "type": { "type": "string", "required": true, "nullable": false },
    "position": { "type": "object", "required": true, "nullable": false },
    "content": { "type": "string", "required": true, "nullable": false },
    "font": { "type": "font", "required": true, "nullable": false },
    "border": { "type": "border", "required": true, "nullable": false },
    "background": { "type": "background", "required": true, "nullable": false },
    "action": { "type": "action", "required": true, "nullable": false },
    "animation": { "type": "animation", "required": true, "nullable": false }
}";"ratingItem                   An object representing a rating item.
ratingItem.id                The ID of the rating item.
ratingItem.type              The type of the item ('rating').
ratingItem.position          Position and size object.
ratingItem.content           The text content.
ratingItem.font              Font configuration.
ratingItem.border            Border configuration.
ratingItem.background        Background configuration.
ratingItem.action            Action configuration.
ratingItem.animation         Animation configuration.";Teaser;;
19;rankingItem Object Format;rankingItem;id, type, position, content, font, border, background, action, animation;"""rankingItem"": {
    "id": { "type": "uuid", "required": true, "nullable": false },
    "type": { "type": "string", "required": true, "nullable": false },
    "position": { "type": "object", "required": true, "nullable": false },
    "content": { "type": "string", "required": true, "nullable": false },
    "font": { "type": "font", "required": true, "nullable": false },
    "border": { "type": "border", "required": true, "nullable": false },
    "background": { "type": "background", "required": true, "nullable": false },
    "action": { "type": "action", "required": true, "nullable": false },
    "animation": { "type": "animation", "required": true, "nullable": false }
}";"rankingItem                  An object representing a ranking item.
rankingItem.id               The ID of the ranking item.
rankingItem.type             The type of the item ('ranking').
rankingItem.position         Position and size object.
rankingItem.content          The text content.
rankingItem.font             Font configuration.
rankingItem.border           Border configuration.
rankingItem.background       Background configuration.
rankingItem.action           Action configuration.
rankingItem.animation        Animation configuration.";Teaser;;
20;tag Object Format;tag;id, type, position, content, font, border, background, action, animation;"""tag"": {
    "id": { "type": "uuid", "required": true, "nullable": false },
    "type": { "type": "string", "required": true, "nullable": false },
    "position": { "type": "object", "required": true, "nullable": false },
    "content": { "type": "string", "required": true, "nullable": false },
    "font": { "type": "font", "required": true, "nullable": false },
    "border": { "type": "border", "required": true, "nullable": false },
    "background": { "type": "background", "required": true, "nullable": false },
    "action": { "type": "action", "required": true, "nullable": false },
    "animation": { "type": "animation", "required": true, "nullable": false }
}";"tag                         An object representing a tag.
tag.id                      The ID of the tag.
tag.type                    The type of the item ('tag').
tag.position                Position and size object.
tag.content                 The text content.
tag.font                    Font configuration.
tag.border                  Border configuration.
tag.background              Background configuration.
tag.action                  Action configuration.
tag.animation               Animation configuration.";Teaser;; 